Date,location,key,month,value,ppfd,temperature,log_ppfd,idx
2017-04-10,Tainoura (Isoyake),NEP,4,5.500470572261662,3.8612612257351775,15.759166666666667,1.3509938725265,1
2017-04-10,Arikawa (Sargassum),NEP,4,0.8383499339554845,1.9705325605612358,15.889027777777779,0.6783038415261633,2
2017-04-11,Tainoura (Isoyake),NEP,4,2.755067495465724,3.32031158541479,15.813611111111111,1.2000586295532163,1
2017-04-12,Tainoura (Isoyake),NEP,4,11.278628050980899,18.535178785386847,15.988888888888889,2.9196704823822794,1
2017-04-12,Arikawa (Sargassum),NEP,4,16.15019678236962,21.367602476369665,15.67,3.061875871945432,2
2017-04-13,Tainoura (Isoyake),NEP,4,13.639423891595115,16.163985343577096,16.04125,2.782785640483392,1
2017-04-14,Tainoura (Isoyake),NEP,4,19.714657284170656,15.771907208641013,16.24375,2.758230332701156,1
2017-04-14,Arikawa (Sargassum),NEP,4,21.586151968243428,27.59409094790689,15.942638888888888,3.3176016537109345,2
2017-04-15,Tainoura (Isoyake),NEP,4,15.950498210436592,9.905686411826284,16.56597222222222,2.2931089772775586,1
2017-04-15,Arikawa (Sargassum),NEP,4,29.55562019883473,19.35808870301708,15.915555555555555,2.9631103529571816,2
2017-04-16,Tainoura (Isoyake),NEP,4,20.042910566637318,8.372188872623756,16.563472222222224,2.124915364365562,1
2017-04-16,Arikawa (Sargassum),NEP,4,23.44116144446673,16.015749207202862,16.08513888888889,2.7735725635593327,2
2017-04-17,Tainoura (Isoyake),NEP,4,-4.823499563334721,0.4402780436616575,16.936805555555555,-0.8203488342327081,1
2017-04-18,Tainoura (Isoyake),NEP,4,18.047590399415725,10.597429858174385,16.80777777777778,2.360611505508374,1
2017-04-18,Arikawa (Sargassum),NEP,4,49.2322768557969,17.086304169370937,16.16861111111111,2.8382772168284274,2
2017-04-19,Tainoura (Isoyake),NEP,4,9.928131009633745,13.205707046005049,16.775833333333335,2.5806490881252224,1
2017-04-19,Arikawa (Sargassum),NEP,4,23.75183572102202,23.872905670094482,16.398611111111112,3.1727441618948,2
2017-04-20,Tainoura (Isoyake),NEP,4,8.712987013188567,3.3979867706726923,16.665,1.2231831299733835,1
2017-04-20,Arikawa (Sargassum),NEP,4,13.527611231685555,7.097806123882848,16.50777777777778,1.9597857396617542,2
2017-04-21,Tainoura (Isoyake),NEP,4,10.413293734890416,5.3267662792169945,16.64777777777778,1.6727443522242602,1
2017-04-21,Arikawa (Sargassum),NEP,4,23.032342447589116,13.01355074309755,16.53013888888889,2.5659911794301737,2
2017-04-22,Tainoura (Isoyake),NEP,4,9.196025903269955,10.14248537256669,16.75777777777778,2.3167330739053313,1
2017-04-22,Arikawa (Sargassum),NEP,4,9.559183577568575,21.95425590575436,16.913333333333334,3.0889610116495145,2
2017-04-23,Tainoura (Isoyake),NEP,4,12.380645543244029,10.501742003924505,16.728055555555557,2.3515411485384097,1
2017-04-23,Arikawa (Sargassum),NEP,4,28.67930489914272,25.36497379374631,17.007638888888888,3.2333692378521945,2
2017-04-24,Tainoura (Isoyake),NEP,4,15.07230403762172,10.702088448760193,16.969444444444445,2.3704389045494283,1
2017-04-24,Arikawa (Sargassum),NEP,4,10.27458819663174,26.157776095505103,17.03472222222222,3.2641465113355905,2
2017-04-25,Tainoura (Isoyake),NEP,4,15.256165052976556,7.324392629323525,17.220972222222223,1.9912102339667903,1
2017-04-25,Arikawa (Sargassum),NEP,4,20.84474317718943,22.648729710944906,16.922777777777778,3.1201037669543195,2
2017-04-26,Tainoura (Isoyake),NEP,4,5.208990745225961,1.635593062263787,17.24263888888889,0.4920054677922051,1
2017-04-26,Arikawa (Sargassum),NEP,4,11.087950556040838,4.78123466490196,16.703055555555554,1.5646988112467988,2
2017-04-27,Tainoura (Isoyake),NEP,4,10.757083922165123,7.851672576179643,17.13375,2.0607265761280154,1
2017-04-27,Arikawa (Sargassum),NEP,4,23.527311042251142,20.76813961772257,16.87361111111111,3.0334200632322568,2
2017-04-28,Tainoura (Isoyake),NEP,4,20.900117100291382,7.302820144325226,17.148333333333333,1.9882605946919887,1
2017-04-28,Arikawa (Sargassum),NEP,4,22.963600781189086,24.730123734834727,16.95513888888889,3.2080220849512457,2
2017-04-29,Tainoura (Isoyake),NEP,4,16.194905566592865,6.718013570806977,17.195694444444445,1.904792511254595,1
2017-04-29,Arikawa (Sargassum),NEP,4,29.41580678996658,24.098499071780584,17.22222222222222,3.182149559377952,2
2017-04-30,Tainoura (Isoyake),NEP,4,27.455105103999955,6.412296572184215,17.485416666666666,1.8582174863576928,1
2017-04-30,Arikawa (Sargassum),NEP,4,11.094957539212302,24.48407210799572,17.239583333333332,3.1980227880913206,2
2017-05-01,Tainoura (Isoyake),NEP,5,14.369882834714076,3.7199365302842735,17.420416666666668,1.3137066063879625,1
2017-05-01,Arikawa (Sargassum),NEP,5,23.132611466497366,19.401309007506782,17.45861111111111,2.965340538406725,2
2017-05-02,Tainoura (Isoyake),NEP,5,15.609331443643626,3.6157051176192234,17.395,1.2852868898736356,1
2017-05-02,Arikawa (Sargassum),NEP,5,17.129639379435346,13.972875625267612,17.655555555555555,2.637117994982879,2
2017-05-03,Tainoura (Isoyake),NEP,5,12.891229973449825,6.437001695268076,17.467916666666667,1.8620628564335133,1
2017-05-03,Arikawa (Sargassum),NEP,5,20.74886918058283,18.05677970579101,17.704583333333332,2.893521221225282,2
2017-05-04,Tainoura (Isoyake),NEP,5,17.879987884640514,5.440609195099108,17.556805555555556,1.6938910389912856,1
2017-05-04,Arikawa (Sargassum),NEP,5,28.560694369762274,21.289363588284903,18.09,3.058207585940275,2
2017-05-05,Tainoura (Isoyake),NEP,5,4.375229613579279,2.3647145766782494,18.019444444444446,0.8606573282667326,1
2017-05-05,Arikawa (Sargassum),NEP,5,8.121930801957333,13.382167412519284,17.994583333333335,2.5939230305588095,2
2017-05-06,Tainoura (Isoyake),NEP,5,18.579439455827185,4.85715535166326,18.137916666666666,1.5804529479587988,1
2017-05-06,Arikawa (Sargassum),NEP,5,21.266460738122106,24.90282064445881,18.056527777777777,3.2149810759490207,2
2017-05-07,Tainoura (Isoyake),NEP,5,19.59521456592128,4.3409820307468605,17.93611111111111,1.4681005968817664,1
2017-05-07,Arikawa (Sargassum),NEP,5,27.126880970472556,21.86698590926876,18.210833333333333,3.084978006684604,2
2017-05-08,Tainoura (Isoyake),NEP,5,12.41689202189633,3.3331981193576685,17.969305555555554,1.2039322393104874,1
2017-05-08,Arikawa (Sargassum),NEP,5,21.50082368260975,18.782678082049756,18.087083333333332,2.932935066491342,2
2017-05-09,Tainoura (Isoyake),NEP,5,6.850744612824755,0.6371358688111536,17.930694444444445,-0.4507723513171076,1
2017-05-09,Arikawa (Sargassum),NEP,5,3.254046099673502,6.458901281607626,17.725277777777777,1.8654592230827276,2
2017-05-10,Tainoura (Isoyake),NEP,5,10.830406163998774,0.9428528674339152,17.93138888888889,-0.05884503457300145,1
2017-05-10,Arikawa (Sargassum),NEP,5,20.942688135130005,11.160238283412426,17.64236111111111,2.412357308285477,2
2017-05-11,Tainoura (Isoyake),NEP,5,18.45841126186265,3.293043394806379,18.174166666666668,1.1918121812018359,1
2017-05-11,Arikawa (Sargassum),NEP,5,11.357393336732358,24.32602771098115,17.789166666666667,3.191546876346346,2
2017-05-12,Tainoura (Isoyake),NEP,5,0.44929260731407794,0.15563515579631038,18.13736111111111,-1.8602407557634821,1
2017-05-12,Arikawa (Sargassum),NEP,5,-0.26349640207712355,2.179169595453937,17.71375,0.778943884716187,2
2017-05-13,Tainoura (Isoyake),NEP,5,23.834621417769597,3.1878864299796863,18.25111111111111,1.1593581360712297,1
2017-05-13,Arikawa (Sargassum),NEP,5,38.00199646315505,17.550853327009676,18.024444444444445,2.8651025713514673,2
2017-05-14,Tainoura (Isoyake),NEP,5,21.67872966897555,2.5758116658530255,18.322222222222223,0.9461646944874617,1
2017-05-14,Arikawa (Sargassum),NEP,5,44.0939056880687,20.948577477404513,18.453055555555554,3.0420707432229004,2
2017-05-15,Tainoura (Isoyake),NEP,5,12.61087318401799,1.3878298682239152,18.32513888888889,0.32774128124617924,1
2017-05-15,Arikawa (Sargassum),NEP,5,21.19982924262942,15.392971344214844,18.636111111111113,2.7339109990147477,2
2017-05-16,Tainoura (Isoyake),NEP,5,19.175966435408753,1.6170108227107967,18.288333333333334,0.48057927365284125,1
2017-05-16,Arikawa (Sargassum),NEP,5,26.081969053546317,10.562526353945083,18.52111111111111,2.357312487728235,2
2017-05-17,Tainoura (Isoyake),NEP,5,12.23669084927792,3.27937370134211,18.320694444444445,1.1876524594510183,1
2017-05-17,Arikawa (Sargassum),NEP,5,27.677183696035,17.36912530898476,18.834444444444443,2.8546942225650955,2
2017-05-18,Tainoura (Isoyake),NEP,5,22.364376303338318,4.293280496262173,18.484305555555554,1.457051125161136,1
2017-05-18,Arikawa (Sargassum),NEP,5,30.31292361139215,18.036874405642234,18.844722222222224,2.892418240512643,2
2017-05-19,Tainoura (Isoyake),NEP,5,15.76711204413428,4.6457022808878525,18.764583333333334,1.5359425515562275,1
2017-05-19,Arikawa (Sargassum),NEP,5,31.049025605062397,17.749261249325926,18.725416666666668,2.876343895299013,2
2017-05-20,Tainoura (Isoyake),NEP,5,17.521668198892115,4.754419061720865,18.895972222222223,1.5590745143422837,1
2017-05-20,Arikawa (Sargassum),NEP,5,22.502556101223092,14.523957546053106,18.743333333333332,2.6757995305275135,2
2017-05-26,Tainoura (Isoyake),NEP,5,9.41910352141484,14.59303853998808,19.022083333333335,2.680544602673561,1
2017-05-27,Tainoura (Isoyake),NEP,5,16.44610699869098,15.562234045868765,19.03263888888889,2.744847084656813,1
2017-05-27,Arikawa (Sargassum),NEP,5,15.376396361418188,27.49115474297087,19.79486111111111,3.3138643072232994,2
2017-05-28,Tainoura (Isoyake),NEP,5,17.756273662264732,13.373374379902723,19.13875,2.5932657437057647,1
2017-05-28,Arikawa (Sargassum),NEP,5,22.089193831606124,24.23147753527448,20.046944444444446,3.1876525125513635,2
2017-05-29,Tainoura (Isoyake),NEP,5,20.057276680182312,13.586322573400784,19.267777777777777,2.609063593561058,1
2017-05-29,Arikawa (Sargassum),NEP,5,39.956986198924405,24.799607977020724,20.11277777777778,3.210827845667802,2
2017-05-30,Tainoura (Isoyake),NEP,5,17.896843312998456,11.085338240000606,19.342777777777776,2.4056233559090776,1
2017-05-30,Arikawa (Sargassum),NEP,5,36.621284864588155,21.142561999687697,19.965555555555557,3.051288165137137,2
2017-05-31,Tainoura (Isoyake),NEP,5,15.297068773870492,7.053419434922447,19.473194444444445,1.95351252546711,1
2017-05-31,Arikawa (Sargassum),NEP,5,22.485663998443428,15.99160481535574,19.979444444444443,2.772063885496803,2
2017-06-01,Tainoura (Isoyake),NEP,6,10.107646004307469,5.844078741255417,19.50583333333333,1.7654289676606891,1
2017-06-01,Arikawa (Sargassum),NEP,6,22.096399727933758,12.88941907966978,19.99791666666667,2.556406748415725,2
2017-06-02,Tainoura (Isoyake),NEP,6,14.518505223412248,12.517452219343141,19.535,2.527123848106081,1
2017-06-03,Tainoura (Isoyake),NEP,6,13.472294820676467,11.31067459320066,19.60638888888889,2.4257469340787945,1
2017-06-03,Arikawa (Sargassum),NEP,6,17.254116629331406,20.203971805172607,20.70486111111111,3.0058792090976363,2
2017-06-04,Tainoura (Isoyake),NEP,6,14.984286583802131,13.3468893488157,19.874166666666667,2.5912833501164267,1
2017-06-04,Arikawa (Sargassum),NEP,6,10.416937039291696,21.514219756632162,21.338055555555556,3.068714100544991,2
2017-06-05,Tainoura (Isoyake),NEP,6,13.863385691738728,11.509597111633823,19.886944444444445,2.4431812187878696,1
2017-06-05,Arikawa (Sargassum),NEP,6,15.392284299533543,21.00184258613595,21.623194444444444,3.0446101760712514,2
2017-06-06,Tainoura (Isoyake),NEP,6,17.776130590994477,3.541304963087136,19.961388888888887,1.26449529285743,1
2017-06-07,Tainoura (Isoyake),NEP,6,0.9055387486220923,3.27937370134211,19.934305555555557,1.1876524594510183,1
2017-06-07,Arikawa (Sargassum),NEP,6,14.358835484303611,13.707287314949253,20.395416666666666,2.6179276122135735,2
2017-06-08,Tainoura (Isoyake),NEP,6,8.504906637392118,8.268669423159968,19.93986111111111,2.1124736040910896,1
2017-06-08,Arikawa (Sargassum),NEP,6,16.082678011796858,18.51119190502065,20.60902777777778,2.91837551700396,2
2017-06-09,Tainoura (Isoyake),NEP,6,19.66841732039004,9.61328312506716,20.007083333333334,2.263145800961126,1
2017-06-09,Arikawa (Sargassum),NEP,6,14.643632839683285,26.616150923931034,20.636805555555554,3.281518209121313,2
2017-06-10,Tainoura (Isoyake),NEP,6,17.26026405800063,4.776774706240555,20.219166666666666,1.563765571110298,1
2017-06-10,Arikawa (Sargassum),NEP,6,19.88478583187714,14.327853477920742,20.794305555555557,2.6622054384303504,2
2017-06-11,Arikawa (Sargassum),NEP,6,22.817211624118094,20.760122205162652,20.801111111111112,3.0330339448488908,2
2017-09-03,Tainoura (Isoyake),NEP,9,1.3377611639207032,3.044212255964611,25.65736111111111,1.1132421668603876,1
2017-09-03,Arikawa (Sargassum),NEP,9,11.008047868886095,15.792736122202713,26.327083333333334,2.759550095219405,2
2017-09-04,Tainoura (Isoyake),NEP,9,11.46127310064049,0.9769559047744607,25.39527777777778,-0.023313761249129712,1
2017-09-04,Arikawa (Sargassum),NEP,9,4.24074372535177,5.784056314063787,25.74888888888889,1.755105220988837,2
2017-09-05,Tainoura (Isoyake),NEP,9,6.71480183704265,4.1468296657621675,24.87125,1.4223441063339115,1
2017-09-05,Arikawa (Sargassum),NEP,9,16.75041169089031,15.92460873568834,24.82361111111111,2.767865631968854,2
2017-09-06,Tainoura (Isoyake),NEP,9,11.756801521856097,2.3353104964660463,24.20138888888889,0.8481448572124036,1
2017-09-06,Arikawa (Sargassum),NEP,9,21.048860148731308,6.209347796409113,24.54277777777778,1.826055865697072,2
2017-09-07,Arikawa (Sargassum),NEP,9,10.14120406337593,1.9513644937513055,24.223333333333333,0.6685288682567831,2
2017-09-08,Tainoura (Isoyake),NEP,9,11.300456582141294,3.1279391284332574,24.362083333333334,1.1403743622741653,1
2017-09-08,Arikawa (Sargassum),NEP,9,25.672822263245187,12.816709441626344,24.510416666666668,2.550749744726063,2
2017-09-10,Tainoura (Isoyake),NEP,9,12.49376112295586,2.794597957601453,24.70486111111111,1.0276882528264184,1
2017-09-10,Arikawa (Sargassum),NEP,9,10.327237715513249,13.745992065238534,25.359583333333333,2.620747295457761,2
2017-09-11,Tainoura (Isoyake),NEP,9,-2.305413511296983,0.1447421188169712,25.09611111111111,-1.9328016108716193,1
2017-09-25,Arikawa (Sargassum),NEP,9,22.884077964795857,8.288069349445628,23.666666666666668,2.1148170529345367,2
2017-09-26,Arikawa (Sargassum),NEP,9,18.48227491172416,7.91327835081108,23.75888888888889,2.0685421524030585,2
2017-09-27,Arikawa (Sargassum),NEP,9,9.080588505458564,3.1288182900516803,23.890694444444446,1.1406553901502379,2
2017-09-28,Arikawa (Sargassum),NEP,9,2.7431743507904116,2.3474431050449587,24.00722222222222,0.8533266954040011,2
2017-09-29,Arikawa (Sargassum),NEP,9,9.222893572539803,13.555048630478076,23.661944444444444,2.606759070585512,2
2017-09-30,Arikawa (Sargassum),NEP,9,22.235641047483767,14.498891612532427,23.485555555555557,2.674072205989799,2
2017-10-01,Arikawa (Sargassum),NEP,10,8.883619481588667,5.623523754530622,23.603055555555557,1.7269584700071248,2
2017-10-02,Arikawa (Sargassum),NEP,10,5.319288404926681,1.5267180905774675,23.721666666666668,0.42312039267506535,2
2017-10-03,Arikawa (Sargassum),NEP,10,14.631945175647587,8.682397031559528,23.96361111111111,2.1612976462579123,2
2017-10-04,Arikawa (Sargassum),NEP,10,11.408450424151617,9.509296375239833,23.775833333333335,2.252269885937814,2
2017-10-05,Arikawa (Sargassum),NEP,10,7.755986750549226,7.5653963690443184,23.116944444444446,2.023584740982656,2
2017-10-06,Arikawa (Sargassum),NEP,10,7.826251698290321,3.6252527895954003,23.522222222222222,1.2879240209360618,2
2017-10-07,Arikawa (Sargassum),NEP,10,18.804182513935785,12.244063445679679,24.010833333333334,2.5050412028469116,2
2017-10-08,Arikawa (Sargassum),NEP,10,14.542150465422843,11.884017113822,24.279583333333335,2.4751943976718587,2
2017-10-09,Arikawa (Sargassum),NEP,10,9.670926407696179,7.771084470581646,24.30152777777778,2.0504097261437892,2
2017-10-10,Arikawa (Sargassum),NEP,10,16.651357775944398,9.305174894547548,24.317916666666665,2.2305706856776566,2
2017-10-11,Arikawa (Sargassum),NEP,10,23.821295429293343,8.595403497576,24.406111111111112,2.1512275833496552,2
2017-10-12,Arikawa (Sargassum),NEP,10,19.319490761893654,4.732485110370934,24.523611111111112,1.5544504578461926,2
2017-10-13,Arikawa (Sargassum),NEP,10,1.1297256805722355,0.9250435319138419,23.850277777777777,-0.0779144810485931,2
2017-10-14,Arikawa (Sargassum),NEP,10,3.3897034507273105,2.0984425448505775,22.995555555555555,0.7411954242651928,2
2017-10-15,Arikawa (Sargassum),NEP,10,3.5087024585642723,0.6856270051244256,22.561805555555555,-0.3774215234363344,2
2017-10-16,Arikawa (Sargassum),NEP,10,3.384484238448948,0.9267944610935952,22.063472222222224,-0.07602346281899161,2
2017-10-17,Arikawa (Sargassum),NEP,10,4.587718915990635,0.9556387154758459,21.92625,-0.04537535003989902,2
2017-10-18,Arikawa (Sargassum),NEP,10,1.5799102712481528,0.8257013395046846,21.595694444444444,-0.19152214529449585,2
2017-11-02,Arikawa (Sargassum),NEP,11,11.765480111662896,10.263486080876701,21.68111111111111,2.328592555997113,2
2017-11-03,Tainoura (Isoyake),NEP,11,4.25040552127065,4.365259975909963,21.88347222222222,1.4736777467184363,1
2017-11-03,Arikawa (Sargassum),NEP,11,15.257346500410662,11.47798585245396,21.676944444444445,2.4404309271060387,2
2017-11-04,Tainoura (Isoyake),NEP,11,2.8285403985552904,2.983695383857171,21.571805555555557,1.0931625939728897,1
2017-11-04,Arikawa (Sargassum),NEP,11,5.676228632545133,8.458646713220535,20.95986111111111,2.1351891978463944,2
2017-11-05,Tainoura (Isoyake),NEP,11,3.765768125763458,3.854141593722537,21.485833333333332,1.3491483087367426,1
2017-11-05,Arikawa (Sargassum),NEP,11,7.593920644215046,9.742077801979658,21.07611111111111,2.2764544215954974,2
2017-11-06,Tainoura (Isoyake),NEP,11,3.2438321121972535,3.647672265355977,21.601666666666667,1.2940892286356953,1
2017-11-06,Arikawa (Sargassum),NEP,11,9.95026220553541,9.667893697258535,21.33,2.2688104674620595,2
2017-11-07,Tainoura (Isoyake),NEP,11,0.8746681549425261,1.2268549884181248,21.776666666666667,0.20445397489620404,1
2017-11-07,Arikawa (Sargassum),NEP,11,9.272521579179127,5.091609900555059,21.53152777777778,1.6275940675002436,2
2017-11-08,Tainoura (Isoyake),NEP,11,4.982389591637215,1.1337302016927935,21.694305555555555,0.12551325962024196,1
2017-11-08,Arikawa (Sargassum),NEP,11,9.2100222363527,3.954427475389009,21.62152777777778,1.374835831041555,2
2017-11-09,Tainoura (Isoyake),NEP,11,3.6706446212146915,1.8555184951342367,21.50638888888889,0.6181641692048855,1
2017-11-09,Arikawa (Sargassum),NEP,11,7.003094959808109,8.989178254685767,21.314583333333335,2.19602143770789,2
2017-11-10,Tainoura (Isoyake),NEP,11,3.9387970570015085,1.0749220412683873,21.584305555555556,0.0722481391996045,1
2017-11-10,Arikawa (Sargassum),NEP,11,5.563155171339318,6.090192458018538,21.30527777777778,1.806679683524358,2
2017-11-11,Tainoura (Isoyake),NEP,11,4.405512568649073,1.2083439451852607,21.27486111111111,0.1892507818222496,1
2017-11-11,Arikawa (Sargassum),NEP,11,6.745972466317696,9.410967878671586,20.856527777777778,2.241875804702362,2
2017-11-12,Tainoura (Isoyake),NEP,11,3.4960409618332022,0.7978971596565647,21.275833333333335,-0.22577556244793787,1
2017-11-12,Arikawa (Sargassum),NEP,11,5.757638230702966,8.509976584437512,20.770833333333332,2.1412391910465396,2
2017-11-13,Tainoura (Isoyake),NEP,11,3.761465481918691,0.6878276487411504,21.286805555555556,-0.3742169829824561,1
2017-11-13,Arikawa (Sargassum),NEP,11,4.289837237669403,6.281965280285194,21.026527777777776,1.8376828742443199,2
2017-11-14,Tainoura (Isoyake),NEP,11,2.7581753642067497,0.6809216056888896,21.204722222222223,-0.3843080959217504,1
2017-11-14,Arikawa (Sargassum),NEP,11,7.448679854487494,7.202216795496555,20.946944444444444,1.974388866897555,2
2017-11-15,Arikawa (Sargassum),NEP,11,4.725760892691611,8.527485876235044,20.454444444444444,2.143294579048377,2
2017-11-16,Tainoura (Isoyake),NEP,11,3.26363598751378,2.5607180459862287,20.495416666666667,0.9402877058757975,1
2017-11-16,Arikawa (Sargassum),NEP,11,4.022548544188709,8.015845939077677,20.11513888888889,2.081420324980882,2
2018-01-18,Tainoura (Isoyake),NEP,1,5.001473279930835,3.0904556177313376,14.711388888888889,1.1283185291440962,1
2018-01-18,Arikawa (Sargassum),NEP,1,17.24693068458194,4.370100242756831,14.567638888888888,1.4747859476903644,2
2018-01-19,Tainoura (Isoyake),NEP,1,5.262830219143311,5.08141318404872,14.625416666666666,1.6255894087402474,1
2018-01-19,Arikawa (Sargassum),NEP,1,13.248563623294629,7.298666474397456,14.206111111111111,1.9876916567272085,2
2018-01-20,Tainoura (Isoyake),NEP,1,5.092747282565924,5.379407983030072,14.755694444444444,1.682578327789829,1
2018-01-20,Arikawa (Sargassum),NEP,1,19.298304904818764,7.4895816161895254,14.019027777777778,2.0135129369822446,2
2018-01-21,Tainoura (Isoyake),NEP,1,4.6532933160410295,4.793517913229889,14.727638888888889,1.5672645705113235,1
2018-01-21,Arikawa (Sargassum),NEP,1,9.314551698679452,6.7582851833627755,13.943888888888889,1.9107691867747358,2
2018-01-22,Tainoura (Isoyake),NEP,1,0.005783509728018998,2.4362175782731645,14.927916666666667,0.8904466637051759,1
2018-01-22,Arikawa (Sargassum),NEP,1,5.393903702758607,2.860346626547435,14.041805555555555,1.0509428155813745,2
2018-01-23,Tainoura (Isoyake),NEP,1,5.365495422411826,0.8440152198143762,14.65638888888889,-0.16958475159334965,1
2018-01-23,Arikawa (Sargassum),NEP,1,4.963519365389857,1.805685940496669,13.503472222222221,0.5909405420304348,2
2018-01-24,Tainoura (Isoyake),NEP,1,3.0458447626493523,1.9723439010411086,13.967361111111112,0.6792226329846007,1
2018-01-24,Arikawa (Sargassum),NEP,1,7.021276407437327,3.4627407023906294,13.030277777777778,1.2420603860331885,2
2018-01-25,Tainoura (Isoyake),NEP,1,3.966440606863131,2.026775660382136,13.42388888888889,0.7064461856577017,1
2018-01-25,Arikawa (Sargassum),NEP,1,2.1497301001716096,3.709628062821303,12.904305555555556,1.3109316189849018,2
2018-01-26,Tainoura (Isoyake),NEP,1,3.06787034317324,0.9482987199111017,12.862638888888888,-0.053085720970934995,1
2018-01-26,Arikawa (Sargassum),NEP,1,4.0082863014241354,1.4323346167657034,12.643055555555556,0.35930571216742585,2
2018-01-27,Tainoura (Isoyake),NEP,1,3.90557625752308,3.224274365884737,13.620555555555555,1.1707079221043641,1
2018-01-27,Arikawa (Sargassum),NEP,1,1.310036752073529,5.712269711279952,12.984583333333333,1.7426164422838677,2
2018-01-28,Tainoura (Isoyake),NEP,1,5.004885471876719,0.8900502784156334,13.960833333333333,-0.11647732524976313,1
2018-01-28,Arikawa (Sargassum),NEP,1,3.4037827410617894,1.1960321016419333,13.374027777777778,0.17900949600596802,2
2018-01-29,Tainoura (Isoyake),NEP,1,5.059859530502919,1.239364772827469,13.30875,0.2145989683788802,1
2018-01-29,Arikawa (Sargassum),NEP,1,10.982181953901105,2.704012340627136,12.875833333333333,0.9947367220116998,2
2018-01-30,Tainoura (Isoyake),NEP,1,2.095384560874436,1.1902176503156676,13.053333333333333,0.17413618982430815,1
2018-01-30,Arikawa (Sargassum),NEP,1,4.733045991414997,2.597110944831228,12.589444444444444,0.9543996521498039,2
2018-01-31,Tainoura (Isoyake),NEP,1,5.988620607427109,1.6310150800601035,13.517916666666666,0.4892025694944192,1
2018-01-31,Arikawa (Sargassum),NEP,1,9.646983835153833,3.9258138300581296,13.447916666666666,1.3675736749790588,2
2018-02-01,Tainoura (Isoyake),NEP,2,4.499884297645806,0.9877573415693223,13.51375,-0.012318217099354874,1
2018-02-01,Arikawa (Sargassum),NEP,2,7.891284285170386,1.9128090084456013,13.354583333333334,0.6485728467104872,2
2018-02-02,Tainoura (Isoyake),NEP,2,4.410058015320573,1.0467104013086872,13.529166666666667,0.04565229506892501,1
2018-02-02,Arikawa (Sargassum),NEP,2,8.351296300054045,3.2601323545265335,13.415138888888889,1.1817677941024933,2
2018-02-03,Tainoura (Isoyake),NEP,2,4.870527642680145,0.5035084534512506,13.250555555555556,-0.6861547775875969,1
2018-02-03,Arikawa (Sargassum),NEP,2,8.91656933490026,1.455056012450681,12.958333333333334,0.37504439641216114,2
2018-02-04,Tainoura (Isoyake),NEP,2,3.661463734232484,0.865740949001194,12.611805555555556,-0.1441695502720784,1
2018-02-04,Arikawa (Sargassum),NEP,2,7.1976501908181945,2.6789633873354046,12.037777777777778,0.9854299239276146,2
2018-02-05,Tainoura (Isoyake),NEP,2,3.852442451480087,0.9122457530983823,12.324861111111112,-0.09184585909063159,1
2018-02-05,Arikawa (Sargassum),NEP,2,4.49863072110368,2.302120727194308,11.629722222222222,0.8338307534051127,2
2018-02-06,Tainoura (Isoyake),NEP,2,6.0801752485506455,0.6263469006372583,12.291944444444445,-0.4678509069962548,1
2018-02-06,Arikawa (Sargassum),NEP,2,5.194491166241377,1.6507371055327713,11.61513888888889,0.501221918783993,2
2018-02-07,Tainoura (Isoyake),NEP,2,4.360794999367812,1.3154048249813313,12.181111111111111,0.2741444699499472,1
2018-02-07,Arikawa (Sargassum),NEP,2,3.7055182426151134,2.988694803148432,11.858055555555556,1.0948367714135616,2
2018-02-08,Tainoura (Isoyake),NEP,2,7.6601104781186535,1.3903292315823572,13.13486111111111,0.32954057634984407,1
2018-02-08,Arikawa (Sargassum),NEP,2,8.274415704194737,3.8700078655342938,12.491111111111111,1.353256539477427,2
2018-02-09,Tainoura (Isoyake),NEP,2,8.753239829125903,1.4300814441755345,13.539305555555556,0.35773139661890546,1
2018-02-09,Arikawa (Sargassum),NEP,2,13.151177072113995,3.962611407460143,12.723194444444445,1.376903254255522,2
2018-02-10,Tainoura (Isoyake),NEP,2,7.297673349235367,0.2968791534285158,13.453611111111112,-1.2144301137950444,1
2018-02-10,Arikawa (Sargassum),NEP,2,9.219540196673037,1.0116562883640763,12.861805555555556,0.011588877172026418,2
2018-02-11,Tainoura (Isoyake),NEP,2,6.108775645968123,0.6823640510270534,12.845138888888888,-0.3821919643988639,1
2018-02-11,Arikawa (Sargassum),NEP,2,8.47886031717593,3.2029963570845528,11.936805555555555,1.1640867332815579,2
2018-02-12,Tainoura (Isoyake),NEP,2,5.51119511235143,0.8559350117736303,12.464444444444444,-0.15556082654772493,1
2018-02-12,Arikawa (Sargassum),NEP,2,5.728094819172469,2.9571065213424874,11.78486111111111,1.0842112636717944,2
2018-02-13,Tainoura (Isoyake),NEP,2,5.6201685456596095,1.0736033309507482,12.403888888888888,0.07102058982989741,1
2018-02-13,Arikawa (Sargassum),NEP,2,13.757397495522738,3.017401346965063,11.794583333333334,1.104395979822976,2
2018-02-14,Tainoura (Isoyake),NEP,2,6.920082136973704,2.0928336207474603,13.50611111111111,0.738518947111307,1
2018-02-14,Arikawa (Sargassum),NEP,2,12.571408325170452,4.667805944268298,12.538611111111111,1.5406891420666815,2
2018-02-15,Tainoura (Isoyake),NEP,2,5.37464592862591,0.4976366347521107,13.819444444444445,-0.6978851173730866,1
2018-02-15,Arikawa (Sargassum),NEP,2,14.483197649054702,0.9896553271764269,12.995833333333334,-0.010398550840549152,2
2018-02-16,Tainoura (Isoyake),NEP,2,6.803670904325543,0.38930157975297863,13.664583333333333,-0.9434009664418294,1
2018-02-16,Arikawa (Sargassum),NEP,2,4.628074999086351,0.862803437608343,12.985833333333334,-0.14756838022803645,2
2018-02-17,Tainoura (Isoyake),NEP,2,8.81789604752825,1.8918412666759001,13.342916666666667,0.6375505700043664,1
2018-02-17,Arikawa (Sargassum),NEP,2,15.257135794382037,4.472291105300975,12.431666666666667,1.4979008288372841,2
2018-03-11,Tainoura (Isoyake),NEP,3,13.879124420187239,7.12051966369905,14.798333333333334,1.962980709235087,1
2018-03-11,Arikawa (Sargassum),NEP,3,20.84951587783479,7.513577626754393,13.795972222222222,2.0167117340672456,2
2018-03-12,Tainoura (Isoyake),NEP,3,7.445983139067636,5.198673403470544,14.922638888888889,1.6484034783228836,1
2018-03-12,Arikawa (Sargassum),NEP,3,23.788212267191966,6.409317796464467,13.991944444444444,1.857752837260053,2
2018-03-13,Tainoura (Isoyake),NEP,3,7.626595463225527,6.958398749415796,15.457222222222223,1.9399493831382666,1
2018-03-13,Arikawa (Sargassum),NEP,3,7.717266552649704,8.053903499750819,14.19763888888889,2.086156880702505,2
2018-03-14,Tainoura (Isoyake),NEP,3,8.243752330407972,8.974663854326472,15.555,2.194405480116002,1
2018-03-14,Arikawa (Sargassum),NEP,3,16.638496041675666,9.915727913000861,14.489444444444445,2.2941221746073803,2
2018-03-15,Tainoura (Isoyake),NEP,3,6.249058308409161,2.0779192012516448,15.627638888888889,0.7313670089815388,1
2018-03-16,Tainoura (Isoyake),NEP,3,2.269714302180148,1.5703591928979879,15.284722222222221,0.45130437847819693,1
2018-03-17,Tainoura (Isoyake),NEP,3,5.5919847714136495,8.803793930181499,14.882222222222222,2.175182757004718,1
2018-03-17,Arikawa (Sargassum),NEP,3,6.671480244182959,2.311985138003884,13.735833333333334,0.8381065225904579,2
2018-03-18,Tainoura (Isoyake),NEP,3,10.89155478665127,7.18974840616191,14.898055555555555,1.9726561789318284,1
2018-03-18,Arikawa (Sargassum),NEP,3,14.541369193421971,4.644253278009479,14.279583333333333,1.5356306011101921,2
2018-03-19,Tainoura (Isoyake),NEP,3,-0.6602048126467253,0.9932181329595223,15.180555555555555,-0.006804968406928728,1
2018-03-19,Arikawa (Sargassum),NEP,3,4.697629038142637,1.813111957622979,14.636388888888888,0.595044682553894,2
2018-03-20,Tainoura (Isoyake),NEP,3,1.385607737500294,1.6853294030271482,15.14486111111111,0.5219610361091396,1
2018-03-21,Tainoura (Isoyake),NEP,3,3.9242797531446882,3.1619743694868623,15.045416666666666,1.151196632962797,1
2018-03-22,Tainoura (Isoyake),NEP,3,3.8691647315083344,3.385749380111086,15.217083333333333,1.2195752644657054,1
2018-03-22,Arikawa (Sargassum),NEP,3,3.9834560266456265,0.8583699945478596,13.511666666666667,-0.1527200433699521,2
2018-03-23,Tainoura (Isoyake),NEP,3,10.121953449059973,7.680749885783992,15.355694444444444,2.038717183771096,1
2018-03-23,Arikawa (Sargassum),NEP,3,17.40335686774941,5.686167815261355,14.238611111111112,1.7380365265571538,2
2018-03-24,Tainoura (Isoyake),NEP,3,6.484948357625697,7.1658501040564095,15.346944444444444,1.969326701005097,1
2018-03-24,Arikawa (Sargassum),NEP,3,19.192044953550536,7.389164130869576,14.57263888888889,2.000014620426174,2
2018-04-20,Tainoura (Isoyake),NEP,4,11.949871436581105,11.407752679628834,17.295277777777777,2.434293183881258,1
2018-04-20,Arikawa (Sargassum),NEP,4,15.939765724992228,22.53381346425268,17.80875,3.1150170017389835,2
2018-04-21,Tainoura (Isoyake),NEP,4,7.638876526870675,10.575937380072563,17.672638888888887,2.3585813621455616,1
2018-04-21,Arikawa (Sargassum),NEP,4,12.134816020262562,20.972353252582213,17.561944444444446,3.043205058578642,2
2018-04-22,Tainoura (Isoyake),NEP,4,9.531438345534937,6.5468140834209985,17.575833333333332,1.8789785318388523,1
2018-04-22,Arikawa (Sargassum),NEP,4,7.559733874932917,20.993917327743382,17.318055555555556,3.0442327447066138,2
2018-04-23,Tainoura (Isoyake),NEP,4,3.435771003266197,1.639950556940905,17.71527777777778,0.4946660931748755,1
2018-04-23,Arikawa (Sargassum),NEP,4,3.2054902076446012,9.661811522213076,17.42375,2.268181158822623,2
2018-04-24,Tainoura (Isoyake),NEP,4,-0.998090338876878,2.000963563502981,17.760555555555555,0.6936288462918705,1
2018-04-25,Tainoura (Isoyake),NEP,4,4.197129394944099,5.242689579095978,17.45888888888889,1.656834645104054,1
2018-04-25,Arikawa (Sargassum),NEP,4,2.431206677171005,4.457773537484387,17.003333333333334,1.4946494345446872,2
2018-04-26,Tainoura (Isoyake),NEP,4,6.129443727525441,6.492565259536893,17.389305555555556,1.8706577160309183,1
2018-04-26,Arikawa (Sargassum),NEP,4,7.451899006515106,12.314192767037163,17.00347222222222,2.5107524806654324,2
2018-04-27,Tainoura (Isoyake),NEP,4,6.9272289249475705,7.457634614586261,17.434722222222224,2.0092382881437856,1
2018-04-27,Arikawa (Sargassum),NEP,4,9.813398029544729,20.30202383923879,17.42763888888889,3.0107205775926005,2
2018-04-28,Tainoura (Isoyake),NEP,4,10.859550020329678,7.118220676792855,17.541666666666668,1.9626577892476165,1
2018-04-28,Arikawa (Sargassum),NEP,4,7.785652587012137,20.590742845563362,17.644444444444446,3.024841598366726,2
2018-04-29,Tainoura (Isoyake),NEP,4,6.511436400806758,6.764311682882269,17.881944444444443,1.911660509643869,1
2018-04-29,Arikawa (Sargassum),NEP,4,9.974416682844378,20.527156470088112,17.63222222222222,3.0217487153536298,2
2018-04-30,Tainoura (Isoyake),NEP,4,8.294542339825739,6.732164231691688,17.915416666666665,1.906896671707117,1
2018-04-30,Arikawa (Sargassum),NEP,4,6.99375828090254,13.48418207578175,17.548472222222223,2.6015173003792653,2
2018-05-01,Tainoura (Isoyake),NEP,5,4.732797678443035,2.5407250096091114,17.968194444444446,0.9324494771550775,1
2018-05-01,Arikawa (Sargassum),NEP,5,3.804640834941253,8.059250551902087,17.591666666666665,2.086820568560314,2
2018-05-02,Tainoura (Isoyake),NEP,5,2.0211419924347496,1.6249531968988709,17.977777777777778,0.48547901345853073,1
2018-05-02,Arikawa (Sargassum),NEP,5,8.051666423495973,3.63575836467392,17.527083333333334,1.2908177177466027,2
2018-05-03,Tainoura (Isoyake),NEP,5,8.135719946478659,7.63401504991315,17.92736111111111,2.03261392575326,1
2018-05-03,Arikawa (Sargassum),NEP,5,13.4784601289617,17.705488019832092,17.60097222222222,2.8738746491394864,2
2018-05-04,Tainoura (Isoyake),NEP,5,8.619240970279662,7.081983036499902,17.783472222222223,1.957553958388891,1
2018-05-04,Arikawa (Sargassum),NEP,5,10.747632512757122,18.936022616529197,17.413611111111113,2.9410660665777417,2
2018-05-05,Tainoura (Isoyake),NEP,5,10.790598354144976,8.12024524917068,17.985833333333332,2.0943603568173197,1
2018-05-05,Arikawa (Sargassum),NEP,5,12.152632016613651,18.761114006888583,17.692777777777778,2.931786323845344,2
2018-05-06,Tainoura (Isoyake),NEP,5,-1.1523748433734937,0.4222940853941204,18.071527777777778,-0.8620533228374063,1
2018-05-06,Arikawa (Sargassum),NEP,5,1.6848059866667597,2.5188498563260655,17.569305555555555,0.9238023911184963,2
2018-05-07,Tainoura (Isoyake),NEP,5,0.2357778525627907,0.7091813841886306,17.93722222222222,-0.3436439541555996,1
2018-05-07,Arikawa (Sargassum),NEP,5,6.271903175742111,2.221836974939503,17.751805555555556,0.7983343199117447,2
2018-05-08,Tainoura (Isoyake),NEP,5,6.85059374632857,0.969877121187244,17.794166666666666,-0.03058589469760287,1
2018-05-09,Tainoura (Isoyake),NEP,5,5.196692110532197,8.678663698199914,17.695416666666667,2.1608675650001743,1
2018-05-09,Arikawa (Sargassum),NEP,5,1.698135156349423,3.3815050169402787,17.243333333333332,1.218320881675193,2
2018-05-10,Tainoura (Isoyake),NEP,5,7.116829359453902,8.238214913807541,17.668888888888887,2.1087836837784244,1
2018-05-10,Arikawa (Sargassum),NEP,5,7.812837310224197,14.133500338968133,17.300694444444446,2.648547889936413,2
2018-05-11,Tainoura (Isoyake),NEP,5,15.412744741428952,7.056509051739509,17.849305555555556,1.9539504606231048,1
2018-05-11,Arikawa (Sargassum),NEP,5,7.779715788567287,17.611675077464263,17.85263888888889,2.8685620387944266,2
2018-05-12,Tainoura (Isoyake),NEP,5,9.288179073053016,7.903465226744912,18.292083333333334,2.067301299597022,1
2018-05-12,Arikawa (Sargassum),NEP,5,9.010127902437048,20.458870232077736,17.92736111111111,3.018416540625368,2
2018-05-17,Arikawa (Sargassum),NEP,5,7.756275639414056,11.41946795618326,18.204722222222223,2.435319614367027,2
2018-05-18,Tainoura (Isoyake),NEP,5,2.079081389254611,1.6515753049160704,19.03263888888889,0.5017295626996003,1
2018-05-18,Arikawa (Sargassum),NEP,5,6.456160776544095,9.36286340331205,18.579166666666666,2.2367511628630465,2
2018-05-19,Tainoura (Isoyake),NEP,5,6.392777712930453,6.611180743505709,19.07111111111111,1.8887622677910125,1
2018-05-19,Arikawa (Sargassum),NEP,5,3.8951733301360036,5.551735658160738,18.92791666666667,1.714110610068267,2
2018-05-20,Tainoura (Isoyake),NEP,5,5.631377600870735,7.087364864266181,19.06513888888889,1.9583136021018936,1
2018-05-20,Arikawa (Sargassum),NEP,5,3.493417484346395,9.631953571989916,18.653055555555557,2.265086068371077,2
2018-05-21,Tainoura (Isoyake),NEP,5,7.835278561373116,7.958862173885824,19.396805555555556,2.0742860466598025,1
2018-05-21,Arikawa (Sargassum),NEP,5,9.765331280537026,17.25900107899502,19.21611111111111,2.848333809067082,2
2018-05-22,Tainoura (Isoyake),NEP,5,10.984809402790674,9.49741909571001,19.67972222222222,2.2510200875606037,1
2018-05-22,Arikawa (Sargassum),NEP,5,15.431352851461355,25.978351931664076,19.876666666666665,3.257263573189659,2
2018-05-23,Arikawa (Sargassum),NEP,5,3.895131815871977,10.779180801397708,19.85361111111111,2.3776165701440863,2
2018-05-24,Tainoura (Isoyake),NEP,5,9.758130801110099,7.746172340562429,19.599305555555556,2.0471988298203243,1
2018-05-24,Arikawa (Sargassum),NEP,5,12.130936398122572,22.537407476779542,20.218611111111112,3.1151764832200457,2
2018-05-25,Tainoura (Isoyake),NEP,5,7.227307418252948,7.10487374393248,20.178472222222222,1.96078099136056,1
2018-05-25,Arikawa (Sargassum),NEP,5,5.93856428725914,17.007696664616752,20.015416666666667,2.8336659865755887,2
2018-05-26,Tainoura (Isoyake),NEP,5,8.199433338511142,7.665516681771777,20.661666666666665,2.0367319179804424,1
2018-05-26,Arikawa (Sargassum),NEP,5,7.387684233409075,16.616502224192935,20.22763888888889,2.8103963114536343,2
2018-05-27,Tainoura (Isoyake),NEP,5,9.986407767570427,9.268799052198426,20.711666666666666,2.226653819103013,1
2018-05-27,Arikawa (Sargassum),NEP,5,11.651221616086005,24.24695943539019,20.4725,3.188291225414627,2
2018-05-28,Tainoura (Isoyake),NEP,5,7.390238121530501,2.5037697922806537,20.721527777777776,0.9177975130213256,1
2018-05-28,Arikawa (Sargassum),NEP,5,8.385272971258573,5.712176063526549,20.478333333333335,1.7426000480087753,2
2018-05-29,Tainoura (Isoyake),NEP,5,6.674098541756379,3.7495552836191965,20.71902777777778,1.3216372419149658,1
2018-05-29,Arikawa (Sargassum),NEP,5,16.157472437006604,11.343625076449738,20.592916666666667,2.4286559188601102,2
2018-05-30,Tainoura (Isoyake),NEP,5,11.778885978371179,7.91537700553428,20.89666666666667,2.06880732397806,1
2018-05-30,Arikawa (Sargassum),NEP,5,14.963632205094335,23.22782649860645,20.93375,3.14535097798847,2
2018-05-31,Tainoura (Isoyake),NEP,5,3.6938773369250555,1.2829559817776512,20.92263888888889,0.24916677622003658,1
2018-06-01,Tainoura (Isoyake),NEP,6,8.398513700116794,7.064904703054906,20.947777777777777,1.9551395274474872,1
2018-06-01,Arikawa (Sargassum),NEP,6,18.337533357044578,27.038862089590406,21.092916666666667,3.2972751678037087,2
2018-06-02,Tainoura (Isoyake),NEP,6,7.0072816544399785,6.5407864363227635,21.319166666666668,1.8780574084418886,1
2018-06-02,Arikawa (Sargassum),NEP,6,12.686887905285715,25.175965596500316,21.39763888888889,3.225889793241483,2
2018-06-03,Tainoura (Isoyake),NEP,6,4.238627647263016,4.660949876412862,21.49,1.5392192635058903,1
2018-06-03,Arikawa (Sargassum),NEP,6,17.175245424803975,16.00957487799005,21.4775,2.7731869731264065,2
2018-06-04,Tainoura (Isoyake),NEP,6,6.69613321131024,6.101270502076546,21.50861111111111,1.808497028521142,1
2018-06-04,Arikawa (Sargassum),NEP,6,18.63017422323221,22.604587864781653,21.259166666666665,3.1181528885423915,2
2018-06-05,Arikawa (Sargassum),NEP,6,3.495244469381653,2.2168606499023094,21.397777777777776,0.796092073404893,2
2018-06-06,Tainoura (Isoyake),NEP,6,3.1153612818517473,1.3934628452452715,21.430833333333336,0.3317919046818364,1
2018-06-06,Arikawa (Sargassum),NEP,6,19.36717339511418,7.723256457724175,21.42513888888889,2.0442360960439663,2
2018-06-07,Tainoura (Isoyake),NEP,6,6.7323723550281045,3.0959143619785774,21.46986111111111,1.1300832944852794,1
2018-06-07,Arikawa (Sargassum),NEP,6,16.94063725652306,16.476243581477963,21.342777777777776,2.8019195604823937,2
2018-06-08,Tainoura (Isoyake),NEP,6,5.141490652365022,3.715255101322104,21.54625,1.3124473437320014,1
2018-06-08,Arikawa (Sargassum),NEP,6,14.322321033502838,9.010005096508094,21.463055555555556,2.1983356372702634,2
2018-06-09,Tainoura (Isoyake),NEP,6,8.42586004374013,6.91593571048427,21.607083333333332,1.9338282720121167,1
2018-06-09,Arikawa (Sargassum),NEP,6,5.913110861431647,20.823800734805253,22.32208333333333,3.036096598630214,2
2018-06-10,Tainoura (Isoyake),NEP,6,6.784872570998246,3.2481842089125323,21.62527777777778,1.1780961352578876,1
2018-06-10,Arikawa (Sargassum),NEP,6,4.538723605346462,7.467989414149625,22.50027777777778,2.0106258081837773,2
2018-06-11,Tainoura (Isoyake),NEP,6,4.243405752502483,0.34135139578926604,21.689722222222223,-1.0748428460995019,1
2018-06-11,Arikawa (Sargassum),NEP,6,4.122423646968798,1.3536525642839634,22.12125,0.30280654206794283,2
2018-06-12,Tainoura (Isoyake),NEP,6,8.548679634880152,2.4349541545758173,21.677083333333332,0.8899279286677072,1
2018-06-12,Arikawa (Sargassum),NEP,6,7.4650167628433906,11.902079330623666,21.905,2.476713118519189,2
2018-06-13,Tainoura (Isoyake),NEP,6,9.24871930817428,4.546926885471272,21.806944444444444,1.514451594984381,1
2018-06-22,Tainoura (Isoyake),NEP,6,7.996766882833128,8.472623355550006,21.682916666666667,2.136840183915064,1
2018-06-22,Arikawa (Sargassum),NEP,6,14.103977360194975,15.714283509845473,21.930972222222223,2.7545700764545322,2
2018-06-23,Tainoura (Isoyake),NEP,6,3.1843254960595146,2.673556490092401,21.519305555555555,0.9834096048233695,1
2018-06-23,Arikawa (Sargassum),NEP,6,9.441144764205767,5.377600178251704,21.968333333333334,1.6822422111357775,2
2018-06-24,Tainoura (Isoyake),NEP,6,9.395849889306973,10.875782594547012,21.66027777777778,2.3865385371025223,1
2018-06-24,Arikawa (Sargassum),NEP,6,15.643836511704201,20.959102068435694,21.933055555555555,3.0425730182887833,2
2018-06-25,Tainoura (Isoyake),NEP,6,6.87025652642248,10.605502779825601,21.775,2.3613729965887966,1
2018-06-25,Arikawa (Sargassum),NEP,6,12.637801438004637,20.770957828556426,21.71986111111111,3.033555752787949,2
2018-06-26,Tainoura (Isoyake),NEP,6,6.200758012214536,7.896539222977386,22.156805555555557,2.0664245904501115,1
2018-06-26,Arikawa (Sargassum),NEP,6,12.07672980834662,14.870710131511975,21.830972222222222,2.6993935153177935,2
2018-06-27,Tainoura (Isoyake),NEP,6,4.423511735465624,5.241126652665327,22.136111111111113,1.6565364852722375,1
2018-06-27,Arikawa (Sargassum),NEP,6,3.8672832964969928,9.184763988403645,21.694444444444443,2.2175460230080137,2
2018-06-28,Tainoura (Isoyake),NEP,6,6.732924915064942,3.5439948940529074,22.087083333333332,1.2652545920118043,1
2018-06-28,Arikawa (Sargassum),NEP,6,13.944445911919345,11.247589626408356,21.865,2.420153850264087,2
2018-07-01,Tainoura (Isoyake),NEP,7,4.321948475005222,4.328528590444996,22.30375,1.465227666814173,1
2018-07-02,Tainoura (Isoyake),NEP,7,10.398474418210846,3.213528937665311,22.640138888888888,1.1673696908190963,1
2018-07-03,Tainoura (Isoyake),NEP,7,1.215123437603438,0.02472035672337918,22.950555555555557,-3.7001282159393565,1
2018-07-25,Tainoura (Isoyake),NEP,7,5.388995560773324,14.730220543223448,24.259027777777778,2.689901202746938,1
2018-07-25,Arikawa (Sargassum),NEP,7,9.572945261217214,19.349983909633213,25.23375,2.9626915879319418,2
2018-07-26,Tainoura (Isoyake),NEP,7,3.49789946165302,15.404598920819673,24.68402777777778,2.734666096060212,1
2018-07-26,Arikawa (Sargassum),NEP,7,9.81029428317548,19.03781410013692,26.622222222222224,2.9464272171074666,2
2018-07-27,Tainoura (Isoyake),NEP,7,4.021304648828661,11.885265665303153,25.085833333333333,2.4752994535537636,1
2018-07-27,Arikawa (Sargassum),NEP,7,16.349692718807596,18.22898783178996,27.273194444444446,2.9030130650312223,2
2018-07-28,Tainoura (Isoyake),NEP,7,2.852920137236481,10.85804970207561,25.51222222222222,2.384906712934158,1
2018-07-28,Arikawa (Sargassum),NEP,7,10.440730918100272,15.977962535867727,27.717916666666667,2.7712104313248274,2
2018-07-29,Tainoura (Isoyake),NEP,7,4.600530413610748,6.195884373145482,25.516944444444444,1.823885260848131,1
2018-07-29,Arikawa (Sargassum),NEP,7,11.070890053137106,9.019285726171098,28.565416666666668,2.1993651431531047,2
2018-07-30,Tainoura (Isoyake),NEP,7,5.568476614765672,10.700097779068745,25.706944444444446,2.3702528796568307,1
2018-07-30,Arikawa (Sargassum),NEP,7,6.216967906413906,8.735268280108874,27.61013888888889,2.1673686563495096,2
2018-07-31,Tainoura (Isoyake),NEP,7,5.707084679915653,8.088136667130323,25.705694444444443,2.090398379093995,1
2018-07-31,Arikawa (Sargassum),NEP,7,13.64532481728542,10.321775879302892,27.4875,2.334255826576923,2
2018-08-01,Tainoura (Isoyake),NEP,8,8.084224572267651,7.177769896015664,25.84111111111111,1.9709887353734208,1
2018-08-01,Arikawa (Sargassum),NEP,8,22.68502816022533,11.881959910325287,26.94847222222222,2.4750212759441252,2
2018-08-02,Tainoura (Isoyake),NEP,8,8.417722658852433,6.238689931462212,25.495833333333334,1.830770213458349,1
2018-08-02,Arikawa (Sargassum),NEP,8,20.33872608473697,13.563010682784116,26.313055555555557,2.6073462846219484,2
2018-08-03,Tainoura (Isoyake),NEP,8,7.401464088641063,5.212648331974498,25.254166666666666,1.6510880436935527,1
2018-08-03,Arikawa (Sargassum),NEP,8,15.125061332321721,13.761628931893775,25.289722222222224,2.6218842071769664,2
2018-08-04,Tainoura (Isoyake),NEP,8,9.781705173878663,4.588121695133973,25.450555555555557,1.5234707235740206,1
2018-08-04,Arikawa (Sargassum),NEP,8,22.81960092738089,11.88556208281193,25.27027777777778,2.4753243931572078,2
2018-08-05,Tainoura (Isoyake),NEP,8,10.499967673761823,6.512316682842134,25.38513888888889,1.873695258175383,1
2018-08-06,Tainoura (Isoyake),NEP,8,5.600001583760061,8.409794895469208,25.77986111111111,2.1293970855149524,1
2018-08-08,Tainoura (Isoyake),NEP,8,2.6752091501842656,5.39485086620881,26.240833333333335,1.6854449553639483,1
2018-08-08,Arikawa (Sargassum),NEP,8,8.277720694632507,11.833247454698224,28.157083333333333,2.4709131504374797,2
2018-08-09,Tainoura (Isoyake),NEP,8,2.5532180824336947,4.214204280372741,26.330000000000002,1.4384607908023799,1
2018-08-09,Arikawa (Sargassum),NEP,8,8.962501601645023,12.016459489172705,28.25347222222222,2.486277334068679,2
2018-08-10,Tainoura (Isoyake),NEP,8,5.760295169683793,3.1282114119668076,26.234166666666667,1.1404614073450803,1
2018-08-10,Arikawa (Sargassum),NEP,8,16.91497315217738,12.09565186584059,27.85638888888889,2.4928460380905073,2
2018-08-11,Tainoura (Isoyake),NEP,8,6.939877661119809,2.0994687758774884,26.216805555555556,0.7416843488607586,1
2018-08-11,Arikawa (Sargassum),NEP,8,15.6015806179024,10.064303673565313,27.20888888888889,2.3089948737442376,2
2018-08-12,Tainoura (Isoyake),NEP,8,8.520044432285268,1.740759371547029,26.0925,0.5543214384520674,1
2018-08-13,Tainoura (Isoyake),NEP,8,7.253573950227299,0.8013858160586201,25.926388888888887,-0.2214127798902773,1
2018-08-14,Tainoura (Isoyake),NEP,8,9.422654065018854,0.47825963304494884,25.710555555555555,-0.737601528585592,1
2018-08-15,Tainoura (Isoyake),NEP,8,7.591534102189712,0.16587887825070355,25.672777777777778,-1.7964974060411962,1
2018-08-16,Tainoura (Isoyake),NEP,8,-1.590696321779106,0.1363436301940296,25.673194444444444,-1.992576887363901,1
2018-08-17,Tainoura (Isoyake),NEP,8,11.062415788984481,0.6907607517668236,25.745416666666667,-0.36996174994785186,1
2018-08-18,Tainoura (Isoyake),NEP,8,4.482937866233883,1.0151787348943058,26.22736111111111,0.015064690483038486,1
2018-08-18,Arikawa (Sargassum),NEP,8,7.563428527725513,6.506576453603825,26.1775,1.8728134275081938,2
2018-08-25,Tainoura (Isoyake),NEP,8,13.409166311268983,9.656147132548654,26.74375,2.2675947211013305,1
2018-08-25,Arikawa (Sargassum),NEP,8,13.045036916961017,12.90669485571779,26.23638888888889,2.557746157806925,2
2018-08-26,Tainoura (Isoyake),NEP,8,4.519548980523425,10.506738789306068,27.35361111111111,2.3520168407624182,1
2018-08-26,Arikawa (Sargassum),NEP,8,8.71518280591932,11.978941477273363,26.535972222222224,2.483150231293848,2
2018-08-27,Tainoura (Isoyake),NEP,8,4.068827129154684,5.8360593232621865,27.611944444444443,1.764055795664082,1
2018-08-27,Arikawa (Sargassum),NEP,8,7.0354060672190855,11.409687388307283,26.761944444444445,2.4344627654537154,2
2018-08-28,Tainoura (Isoyake),NEP,8,9.400479582289734,12.326063095047589,27.525,2.511715971385265,1
2018-08-28,Arikawa (Sargassum),NEP,8,10.081025982058733,11.465050008525072,27.105,2.4393032781429254,2
2018-08-29,Tainoura (Isoyake),NEP,8,6.013263951152759,7.665600593540211,27.697777777777777,2.036742864575779,1
2018-08-30,Tainoura (Isoyake),NEP,8,3.8542386755304747,7.0007345622365955,27.809444444444445,1.9460150810121337,1
2018-08-30,Arikawa (Sargassum),NEP,8,10.46369943396197,10.65949340443522,27.439027777777778,2.3664508945723477,2
2018-08-31,Tainoura (Isoyake),NEP,8,7.559797749778774,5.7854442460756,27.666527777777777,1.75534515045014,1
2018-08-31,Arikawa (Sargassum),NEP,8,18.693769528178805,13.620867114723424,27.674583333333334,2.6116029635056726,2
2018-09-01,Tainoura (Isoyake),NEP,9,2.49874500150149,1.321687670989411,27.588472222222222,0.2789094585921008,1
2018-09-01,Arikawa (Sargassum),NEP,9,10.732076689881076,3.116821307596405,27.596527777777776,1.136813670812194,2
2018-09-02,Tainoura (Isoyake),NEP,9,9.105300744044698,3.837292238074948,27.580833333333334,1.3447669715323745,1
2018-09-02,Arikawa (Sargassum),NEP,9,11.10963629164452,9.29997808993796,27.56652777777778,2.2300120442357856,2
2018-09-03,Tainoura (Isoyake),NEP,9,5.831247130956285,6.872846350969327,27.685,1.9275783364362606,1
2018-09-03,Arikawa (Sargassum),NEP,9,14.754393632425256,14.145953027199438,27.561527777777776,2.649428578037059,2
2018-09-04,Arikawa (Sargassum),NEP,9,8.497907523070225,5.211456899560085,27.5425,1.6508594519068933,2
2018-09-05,Tainoura (Isoyake),NEP,9,4.5640696561743965,3.056516505650309,27.301944444444445,1.1172758706521075,1
2018-09-05,Arikawa (Sargassum),NEP,9,20.305272640590566,13.063804994173672,27.46013888888889,2.569845428595157,2
2018-09-06,Arikawa (Sargassum),NEP,9,7.220619760289537,4.031606865088917,27.462083333333332,1.3941650223170876,2
2018-09-07,Arikawa (Sargassum),NEP,9,19.34765891720147,1.9625744067995288,27.243055555555557,0.6742570842484513,2
2018-09-09,Tainoura (Isoyake),NEP,9,3.9007436620153157,0.856933220952484,26.822222222222223,-0.15439528529617227,1
2018-09-09,Arikawa (Sargassum),NEP,9,15.76384786663354,4.131968932370612,26.478055555555557,1.418754032441762,2
2018-09-10,Tainoura (Isoyake),NEP,9,3.67225319034592,0.8244033453592488,26.552222222222223,-0.19309537204193553,1
2018-09-10,Arikawa (Sargassum),NEP,9,3.8492194620403097,2.537425717629469,25.89777777777778,0.9311500700988151,2
2018-09-11,Arikawa (Sargassum),NEP,9,5.072449372888421,4.265581822605933,25.78986111111111,1.45057858960109,2
2018-09-12,Arikawa (Sargassum),NEP,9,12.841350101621352,4.5206156346602455,26.136111111111113,1.508648186927902,2
2018-09-13,Arikawa (Sargassum),NEP,9,14.842844672735112,2.5953375676070345,26.014027777777777,0.9537165920139561,2
2018-09-14,Arikawa (Sargassum),NEP,9,2.583134265512932,1.3753094554002343,25.437638888888888,0.31867876426957337,2
2018-09-22,Tainoura (Isoyake),NEP,9,7.2019805707572715,9.612578237801035,25.61986111111111,2.263072473971699,1
2018-09-22,Arikawa (Sargassum),NEP,9,11.764862992558633,11.86483573650417,25.415555555555557,2.473579045418034,2
2018-09-23,Tainoura (Isoyake),NEP,9,7.120120311634892,4.331170908859609,25.403055555555557,1.4658379232085958,1
2018-09-23,Arikawa (Sargassum),NEP,9,13.619083350771888,5.818450672578532,25.364583333333332,1.7610340188431173,2
2018-09-24,Tainoura (Isoyake),NEP,9,0.26213438890110297,1.6199760609057203,25.248333333333335,0.48241137191641736,1
2018-09-24,Arikawa (Sargassum),NEP,9,14.833785962260038,1.949274077618078,24.929305555555555,0.6674570353785985,2
2018-09-25,Tainoura (Isoyake),NEP,9,7.613972163066585,6.0541386697482436,24.962083333333332,1.8007421158126289,1
2018-09-26,Tainoura (Isoyake),NEP,9,3.676669128822141,4.313555452762189,24.774583333333332,1.4617624950823698,1
2018-09-26,Arikawa (Sargassum),NEP,9,8.996191949075971,6.051871449712987,24.198333333333334,1.8003675547409974,2
2018-09-27,Tainoura (Isoyake),NEP,9,7.5432005364390875,6.1173194389509895,24.628333333333334,1.8111240004027342,1
2018-09-28,Tainoura (Isoyake),NEP,9,5.195446580700036,6.141511331991446,24.600416666666668,1.8150708571457528,1
2018-09-30,Tainoura (Isoyake),NEP,9,1.9601742887953577,1.307712742485458,23.998194444444444,0.2682796130791119,1
2018-10-01,Tainoura (Isoyake),NEP,10,2.49492173461352,3.3373655940301723,23.655833333333334,1.2051817514638175,1
2018-10-02,Tainoura (Isoyake),NEP,10,3.300399250721675,2.2843136285264145,23.615555555555556,0.8260655978337645,1
2018-10-03,Tainoura (Isoyake),NEP,10,4.031792433139003,2.7973344282702715,23.505416666666665,1.0286669738474987,1
2018-10-04,Tainoura (Isoyake),NEP,10,0.8713159849467189,0.48941608857331476,23.310555555555556,-0.7145422544368432,1
2018-10-05,Tainoura (Isoyake),NEP,10,8.032715369276744,0.8325651733510533,23.26625,-0.1832437738841797,1
2018-10-09,Tainoura (Isoyake),NEP,10,4.910644150722732,1.8363525799690277,23.425833333333333,0.607781310781718,1
2018-10-09,Arikawa (Sargassum),NEP,10,5.897825722540162,1.6775594360486963,22.91236111111111,0.5173400205616265,2
2018-10-10,Tainoura (Isoyake),NEP,10,4.677708333252539,0.6379731016615554,23.367083333333333,-0.4494591569312076,1
2018-10-11,Tainoura (Isoyake),NEP,10,2.5589720532090965,1.2519891830306198,22.94847222222222,0.22473363288868278,1
2018-10-11,Arikawa (Sargassum),NEP,10,11.113312890226545,1.489138105978148,21.81972222222222,0.3981975002255942,2
2018-10-12,Tainoura (Isoyake),NEP,10,9.459613375238263,2.2220723503155306,22.644027777777776,0.7984402515854223,1
2018-10-12,Arikawa (Sargassum),NEP,10,9.767357413441147,3.27293392136368,21.354305555555555,1.1856868063032293,2
2018-10-13,Tainoura (Isoyake),NEP,10,8.75323634655878,4.868735910765871,22.655694444444446,1.5828343368234137,1
2018-10-13,Arikawa (Sargassum),NEP,10,11.749298723861656,4.67911122407253,21.813333333333333,1.543108182508273,2
2018-10-18,Tainoura (Isoyake),NEP,10,3.544010205215997,6.15131726921901,22.323194444444443,1.8166662489999106,1
2018-10-18,Arikawa (Sargassum),NEP,10,10.635016268406794,8.305058049127208,21.853472222222223,2.11686473270094,2
2018-10-19,Tainoura (Isoyake),NEP,10,4.116710304211679,5.198732121657536,22.005416666666665,1.6484147730996142,1
2018-10-20,Tainoura (Isoyake),NEP,10,4.6199497593235606,6.818355873441308,21.980138888888888,1.9196183685168287,1
2018-10-20,Arikawa (Sargassum),NEP,10,2.1145402174660433,7.517456889432316,21.36777777777778,2.017227901169367,2
2018-10-21,Tainoura (Isoyake),NEP,10,4.760396791869681,6.930155301472933,21.90888888888889,1.9358822229756651,1
2018-10-21,Arikawa (Sargassum),NEP,10,6.295642638026067,9.787878498744167,21.34611111111111,2.2811447322161063,2
2018-10-22,Tainoura (Isoyake),NEP,10,4.0584822446732005,4.921464842684148,22.01111111111111,1.5936062184436406,1
2018-10-22,Arikawa (Sargassum),NEP,10,7.679782622640019,7.740736165565917,21.57,2.046496794909014,2
2018-10-23,Tainoura (Isoyake),NEP,10,0.5198052729902258,1.7549691727989476,22.099027777777778,0.5624512914068315,1
2018-10-23,Arikawa (Sargassum),NEP,10,10.37326219307122,2.625429562380066,21.76888888888889,0.9652445254670164,2
2018-10-24,Tainoura (Isoyake),NEP,10,5.584057168469769,7.314407117144651,22.074305555555554,1.989845980899523,1
2018-10-25,Tainoura (Isoyake),NEP,10,5.668848433140639,5.948328496789742,21.962916666666665,1.7831102551814573,1
2018-10-25,Arikawa (Sargassum),NEP,10,11.650365201139934,8.371227186804925,21.057083333333335,2.124800491054587,2
2018-10-26,Tainoura (Isoyake),NEP,10,-0.3753610245347261,1.2585069017866652,21.978472222222223,0.22992601971539492,1
2018-10-26,Arikawa (Sargassum),NEP,10,7.705503713714812,1.4518417662318306,21.178055555555556,0.37283293403988327,2
2018-10-27,Arikawa (Sargassum),NEP,10,10.484894517032828,4.791942349961835,20.746805555555554,1.5669358302653715,2
2018-10-28,Tainoura (Isoyake),NEP,10,4.106450084858437,3.306244954924731,21.32402777777778,1.1958130907026219,1
2018-10-28,Arikawa (Sargassum),NEP,10,11.191897946956075,6.566705025111632,20.475694444444443,1.8820121884463303,2
2018-10-29,Tainoura (Isoyake),NEP,10,2.6274618169335184,4.427703608273469,21.521527777777777,1.487881076805157,1
2018-10-29,Arikawa (Sargassum),NEP,10,11.487304756588657,6.8913993112537915,20.810694444444444,1.930274157475178,2
2018-10-30,Tainoura (Isoyake),NEP,10,8.524742828622145,3.6484545487106073,21.501805555555556,1.2943036666183574,1
2018-10-30,Arikawa (Sargassum),NEP,10,10.758298807999722,4.3415599530549684,20.745833333333334,1.4682337197183826,2
2018-10-31,Tainoura (Isoyake),NEP,10,1.4323052359728194,1.5098794602968464,21.00013888888889,0.4120298200224566,1
2018-10-31,Arikawa (Sargassum),NEP,10,7.375614067241187,3.110503651235216,20.253888888888888,1.134784658814144,2
2018-11-01,Tainoura (Isoyake),NEP,11,7.51237309643038,2.03323466095119,21.143472222222222,0.7096279539326094,1
2018-11-01,Arikawa (Sargassum),NEP,11,10.00301243954027,5.709166301137613,20.674027777777777,1.7420730062018652,2
2018-11-02,Tainoura (Isoyake),NEP,11,4.315681428987084,4.825225734205244,21.147083333333335,1.5738575179878407,1
2018-11-02,Arikawa (Sargassum),NEP,11,9.471320202290912,7.042801391769302,20.61402777777778,1.9520060159860384,2
2018-11-03,Tainoura (Isoyake),NEP,11,6.871855317072573,4.989460503220188,21.074166666666667,1.6073277883313792,1
2018-11-03,Arikawa (Sargassum),NEP,11,12.523096835883152,7.270680365078154,20.62375,1.9838498724593285,2
2018-11-04,Tainoura (Isoyake),NEP,11,9.56860550214067,3.6175100641661397,21.02375,1.2857859615973486,1
2018-11-04,Arikawa (Sargassum),NEP,11,11.905813561339684,7.228895164233098,20.93013888888889,1.9780862118011067,2
2018-11-05,Tainoura (Isoyake),NEP,11,9.63017552604395,3.340360221566734,20.98902777777778,1.2060786519416162,1
2018-11-05,Arikawa (Sargassum),NEP,11,15.56016735056609,7.8086232624295695,20.990000000000002,2.055228669494421,2
2018-11-06,Arikawa (Sargassum),NEP,11,7.686822141918626,6.329017059031461,20.860694444444444,1.8451449411650234,2
2018-11-07,Arikawa (Sargassum),NEP,11,2.20096914077228,3.9385599788570196,21.005,1.37081516890323,2
2018-11-09,Arikawa (Sargassum),NEP,11,11.193720238119376,1.5763106801549047,20.86402777777778,0.45508710408569775,2
2018-11-10,Tainoura (Isoyake),NEP,11,4.938354264861111,1.6445789812551166,20.815555555555555,0.49748441301276386,1
2018-11-10,Arikawa (Sargassum),NEP,11,14.259383811257464,3.229874105638734,20.664722222222224,1.1724431598925231,2
2018-11-11,Tainoura (Isoyake),NEP,11,5.870570667954489,1.228619344608043,20.865972222222222,0.20589105486876413,1
2018-11-11,Arikawa (Sargassum),NEP,11,12.201765673526488,2.702294381441199,20.779027777777777,0.9941011830635489,2
2018-11-12,Tainoura (Isoyake),NEP,11,4.684472632267678,0.23980507567287548,20.819027777777777,-1.4279288703371815,1
2018-11-13,Tainoura (Isoyake),NEP,11,3.1022452363407282,0.4902381431911943,20.73111111111111,-0.7128639994277371,1
2018-11-13,Arikawa (Sargassum),NEP,11,4.346734800202867,2.145841859312265,20.273333333333333,0.7635319505855864,2
2018-11-14,Tainoura (Isoyake),NEP,11,4.7532152247464765,0.4460820665736619,20.569166666666668,-0.807252338118516,1
2018-11-14,Arikawa (Sargassum),NEP,11,7.9489423413665605,2.2638822807976378,20.00638888888889,0.8170811628749741,2
2018-11-15,Tainoura (Isoyake),NEP,11,4.549541841976534,0.3810810335741827,20.38597222222222,-0.9647432399236018,1
2018-11-15,Arikawa (Sargassum),NEP,11,12.526289981616756,1.9622973166082485,20.008333333333333,0.6741158871794678,2
2018-11-16,Tainoura (Isoyake),NEP,11,0.899383370697393,0.0681130969100234,20.185555555555556,-2.686585765521327,1
2018-11-16,Arikawa (Sargassum),NEP,11,8.652954735797636,0.6098755110077599,19.939027777777778,-0.4945004229571489,2
2018-11-17,Tainoura (Isoyake),NEP,11,5.747486737314844,0.5486040210606453,20.018194444444443,-0.6003783708287821,1
2018-11-17,Arikawa (Sargassum),NEP,11,10.747050555709237,2.2442642952549985,19.854583333333334,0.808377759359226,2
2018-11-24,Tainoura (Isoyake),NEP,11,8.629968741418637,6.042512468723946,19.363055555555555,1.7988198970975418,1
2018-11-24,Arikawa (Sargassum),NEP,11,17.25679813817038,7.335574887875982,19.50236111111111,1.9927357845122533,2
2018-11-25,Tainoura (Isoyake),NEP,11,9.513848775245748,4.381551113298229,19.65388888888889,1.4774027971534112,1
2018-11-25,Arikawa (Sargassum),NEP,11,17.974118942806427,5.801160244642646,19.615277777777777,1.7580579397263714,2
2018-11-26,Tainoura (Isoyake),NEP,11,7.647503760056296,2.4207159769074353,19.596805555555555,0.8840633546373934,1
2018-11-26,Arikawa (Sargassum),NEP,11,14.273810377581242,3.7263088923363727,19.62986111111111,1.3154181706048411,2
2018-11-27,Tainoura (Isoyake),NEP,11,10.416580979301315,3.3895660622655264,19.73361111111111,1.2207019079675818,1
2018-11-27,Arikawa (Sargassum),NEP,11,19.656856148099422,4.545165825607674,19.72013888888889,1.5140642122460868,2
2018-11-28,Tainoura (Isoyake),NEP,11,8.438934073253357,1.0493527197233001,19.38611111111111,0.04817351667505945,1
2018-11-28,Arikawa (Sargassum),NEP,11,14.527403675895556,1.7970407265287265,19.580972222222222,0.5861412711666018,2
2018-11-29,Tainoura (Isoyake),NEP,11,9.633968753099964,4.484073067785213,19.098055555555554,1.5005318003013255,1
2018-11-29,Arikawa (Sargassum),NEP,11,8.264664710669223,5.630306432699263,19.418472222222224,1.7281638692138055,2
2018-11-30,Tainoura (Isoyake),NEP,11,12.026081743305994,2.6305160590277055,19.35152777777778,0.9671800471036407,1
2018-11-30,Arikawa (Sargassum),NEP,11,20.890561397827412,3.7081317757883903,19.389305555555556,1.3105281853106492,2
2018-12-01,Tainoura (Isoyake),NEP,12,12.901918093604081,2.3550690438510506,19.386805555555554,0.8565700450220783,1
2018-12-01,Arikawa (Sargassum),NEP,12,23.307736999228723,3.415358279681712,19.380833333333335,1.2282824010429099,2
2018-12-02,Tainoura (Isoyake),NEP,12,6.256839037334316,1.6622531555395281,19.414166666666667,0.5081740046529813,1
2018-12-02,Arikawa (Sargassum),NEP,12,5.890109812010991,2.752447706062918,19.391666666666666,1.01249059072865,2
2018-12-03,Tainoura (Isoyake),NEP,12,5.516974296455146,1.108834243145588,19.67361111111111,0.10330923204443984,1
2018-12-03,Arikawa (Sargassum),NEP,12,8.794731514228715,2.6178927091772444,19.455833333333334,0.9623696846682617,2
2018-12-04,Tainoura (Isoyake),NEP,12,9.259440765483795,1.6076452416375266,19.75347222222222,0.474770525544225,1
2018-12-04,Arikawa (Sargassum),NEP,12,14.786184976976813,3.2480512221867164,19.652916666666666,1.178055192552764,2
2018-12-05,Tainoura (Isoyake),NEP,12,6.452718402089275,2.622647821970858,19.285,0.9641844265142019,1
2018-12-05,Arikawa (Sargassum),NEP,12,12.406093070236324,4.3799646535664065,19.49486111111111,1.4770406543937848,2
2018-12-06,Tainoura (Isoyake),NEP,12,3.7762047418077316,0.8064355801398806,19.093055555555555,-0.21513126044111583,1
2018-12-06,Arikawa (Sargassum),NEP,12,7.093511772279015,1.239978605978976,19.839861111111112,0.21509412622534524,2
2018-12-07,Tainoura (Isoyake),NEP,12,3.7941124792570946,0.7440181473680229,18.30138888888889,-0.2956898528228294,1
2018-12-07,Arikawa (Sargassum),NEP,12,8.080858253258327,1.5098090342476522,19.051388888888887,0.41198317544349805,2
2018-12-08,Tainoura (Isoyake),NEP,12,2.0794081212116566,1.1380759002673049,17.75027777777778,0.1293390296727578,1
2018-12-08,Arikawa (Sargassum),NEP,12,3.967993262971703,1.292404070169193,18.641944444444444,0.25650410427398135,2
2018-12-09,Tainoura (Isoyake),NEP,12,2.1453901530570363,1.774698483628058,17.609861111111112,0.5736305401195532,1
2018-12-09,Arikawa (Sargassum),NEP,12,5.515460890286761,2.1938892984802547,18.76222222222222,0.7856759040988709,2
2018-12-10,Tainoura (Isoyake),NEP,12,4.592040060705571,2.306743975957129,17.949166666666667,0.8358369959881844,1
2018-12-10,Arikawa (Sargassum),NEP,12,8.897360942309973,2.7620350266812137,19.364166666666666,1.0159677365436237,2
2018-12-11,Tainoura (Isoyake),NEP,12,1.300336956736814,0.5542996851988111,17.969583333333333,-0.5900497904821913,1
2018-12-11,Arikawa (Sargassum),NEP,12,1.3487964225582516,0.6703365907451037,19.2375,-0.39997531849839657,2
2018-12-12,Tainoura (Isoyake),NEP,12,4.4590272747182524,1.555092464280224,17.445138888888888,0.4415350064229991,1
2018-12-12,Arikawa (Sargassum),NEP,12,7.831230491820662,1.0310526017536914,18.835555555555555,0.030580223863011905,2
2018-12-13,Tainoura (Isoyake),NEP,12,2.2195138909140155,0.5813687694018463,17.435555555555556,-0.5423700084992229,1
2018-12-13,Arikawa (Sargassum),NEP,12,4.343546704660639,0.7668748133871315,18.818055555555556,-0.2654317068589546,2
2018-12-14,Tainoura (Isoyake),NEP,12,4.181174469334081,1.6324830347348884,17.21361111111111,0.4901021899153003,1
2018-12-14,Arikawa (Sargassum),NEP,12,8.486658865532348,2.326338409912199,18.456944444444446,0.8442955335878506,2
2018-12-15,Tainoura (Isoyake),NEP,12,3.1756269847065255,2.7047358473848346,17.423194444444444,0.9950042540678667,1
2018-12-15,Arikawa (Sargassum),NEP,12,6.704806795490015,3.417297911020673,18.690555555555555,1.228850154296382,2
